setting,lower_estimand,upper_estimand,True_ATE,regular_param,Sample size,Epoch,radius,d1,d0
leaky,-4.725332391262055,6.854142832756042,2,0,5000,600,8,1.0,0
leaky,-3.7312042236328127,12.356889247894289,2,0,5000,600,8,0.75,0
leaky,-3.793602189421654,10.102331042289734,2,0,5000,600,8,0.5,0
leaky,-5.784798085689545,2.509893786907196,2,0,5000,600,8,0.25,0
leaky,-3.0498896539211273,5.055820307383935,2,0,5000,600,8,1.0,0
