setting,lower_estimand,upper_estimand,True_ATE,regular_param,Sample size,Epoch,radius,d1,d0
leaky,-5.7204036600887775,0.9083120197057724,1,0,5000,600,8,,
leaky,-3.718793082237244,9.872514581680296,2,0,5000,600,8,,
leaky,-2.988459366094321,11.452002824470402,2,0,5000,600,8,1.0,0.0
leaky,-6.702573108673096,5.514654923602938,2,0,5000,600,8,0.75,0.0
leaky,-2.708715695142746,10.385346919298172,2,0,5000,600,8,0.5,0.0
